ID,Domain,Method,Endpoint,Backend,Auth,Purpose (verify),Request,Response fields read,Call sites,Used in files,Co-called with,Vuex side effects,Issues,Disposition,Proposed /ops/v3 endpoint,Owner,Status,Notes
A-001,Activity log,POST,createActivity,LEGACY · api.on-track.in/api,Static Basic (hardcoded),Submits Activity — called from createAgentActivity(),body: <payload> (variable — inspect at runtime),data (raw),1,store.js,,commits: LOADING_API,LEGACY backend; raw response.data consumed (no envelope),,,,Not started,
A-002,Agent & Attendance,POST,///operations/agent/verifyToken/:id,v2 · glacier.on-track.in/api,Bearer agentToken,Submits verify Token — called from verifyToken(),body: token,data.message,2,components/login-token.vue | components/login.vue,,"  dispatches: authRequest, verifyAuthWithToken",malformed URL (double/triple slash),Not ported,,,Reviewed (Phase 1),Duplicate/malformed-URL entry for the same verify-token route as A-007 (which store.js actually wires to the UI). V3 does not implement the token-login flow at all in Phase 1 (see A-006/A-007 notes) — not ported either way.
A-003,Agent & Attendance,POST,/attendance,v2 · glacier (duplicate client),Bearer agentToken,Submits attendance — called from getAttendance(),body: date,"(not read, or read indirectly)",1,components/profile.vue,,,redundant `test` client,Migrated,"POST /attendance (unchanged path, via v2Client)",,Done (Phase 1),"Ported to src/services/attendance/attendance.api.js::getToday() + src/stores/attendance.store.js. ASSUMPTION (unverified): response is an array, today's record at data[0]; empty array/no record -> null. Date sent as ISO YYYY-MM-DD (src/utils/date.js::todayIsoDate) — format not documented, needs backend verification."
A-004,Agent & Attendance,POST,/attendance/punch/in,v2 · glacier (duplicate client),Bearer agentToken,Submits in — called from punchIn(),"body: device, lat, long, place","(not read, or read indirectly)",1,components/profile.vue,,,redundant `test` client,Migrated,"POST /attendance/punch/in (unchanged path, via v2Client)",,Done (Phase 1),"Ported to src/services/attendance/attendance.api.js::punchIn() + src/stores/attendance.store.js::punchIn(). Redundant `test` axios client eliminated — now uses the same v2Client as punch/out. `place` populated via reverse geocoding (see A-069); `device` sent as navigator.userAgent (format not documented, needs backend verification)."
A-005,Agent & Attendance,POST,/attendance/punch/out,v2 · glacier.on-track.in/api,Bearer agentToken,Submits out — called from punchOut(),"body: device, lat, long, place","(not read, or read indirectly)",1,components/profile.vue,,  dispatches: authLogout (CORRECTED 2026-09-18 — not accurate, see Notes),,Migrated,"POST /attendance/punch/out (unchanged path, via v2Client)",,Done (Phase 1),"Ported to src/services/attendance/attendance.api.js::punchOut() + src/stores/attendance.store.js::punchOut(). CORRECTED 2026-09-18: the documented `dispatches authLogout` side effect does not reflect components/profile.vue's real behavior — confirmed against the live running old app, punching out stays on the page and shows the day's final work duration (via a getAttendance() re-fetch), it does not log the agent out. src/pages/attendance/AttendancePage.vue behind a confirm dialog, but no longer navigates to /login on success."
A-006,Agent & Attendance,GET,/operations/agent/generateToken/:id,v2 · glacier.on-track.in/api,Bearer agentToken,Fetches generate Token — called from generateToken(),(none detected),"(not read, or read indirectly)",2,components/login-token.vue | components/login.vue,,,,Deferred,,,Reviewed (Phase 1),Token-login flow (login-token.vue) deferred out of Phase 1 scope — its trigger/purpose isn't documented clearly enough to build against without inventing behavior. Only standard username/password login (A-010) was implemented. Revisit if/when the real flow is confirmed.
A-007,Agent & Attendance,POST,/operations/agent/verifyToken/:id,v2 · glacier (no token),None,Submits verify Token — called from verifyAuthWithToken(),body: <user> (variable — inspect at runtime),"data.userData, data.userData.token",1,store.js,,"commits: AUTH_LOGOUT, LOADING_API, UPDATE_LOGIN, UPDATE_TOKEN",,Deferred,,,Reviewed (Phase 1),"Token-login flow deferred out of Phase 1 scope, same reasoning as A-006. Treated as the authoritative shape over the A-002 duplicate/malformed entry if/when this is implemented."
A-008,Agent & Attendance,GET,/operations/agentActivities,v2 · glacier.on-track.in/api,Bearer agentToken,Fetches agent Activities — called from loadData(),"query: bookingId, limit, offset","(not read, or read indirectly)",2,components/v2/agentActivities.vue | components/vehicles/agentActivity.vue,,,,Migrated,GET /operations/agentActivities (unchanged),,Done (Phase 1 — Booking detail),"Ported to ontrack-ops-v3 src/services/bookings/agentActivities.api.js, used by the Activities tab. Response envelope { rows, count } matches the old app read; not independently re-confirmed live this session. Reused as-is for Phase 2 (Vehicle detail): ActivitiesTab.vue is used unmodified on VehicleDetailPage.vue, passed the vehicle's numeric id as its `bookingId` prop — replicates the old app's own (oddly-named but real) vehicleDetails.vue::`<agent-activities :bookingId=""vehicleData.id"">` pattern. Confirmed live 2026-09-07: a real vehicle-location-change activity rendered correctly this way."
A-009,Agent & Attendance,POST,/operations/agentActivities,v2 · glacier.on-track.in/api,Bearer agentToken,Submits agent Activities — called from createAgentActivity(),body: type,data.message,1,components/AllBookingDetailsV2.vue,,,,,,,Not started,
A-010,Agent & Attendance,POST,/profile/agent/v2/login,v2 · glacier (no token),None,Submits login — called from authRequest(),"body: { employeeId, password, deviceToken, device } — confirmed from real payload","data.userData, data.userData.token — request AND response both CONFIRMED live 2026-09-07",1,store.js,,"commits: LOADING_API, UPDATE_LOGIN, UPDATE_TOKEN",,Migrated,POST /profile/agent/v2/login (unchanged),,Done (Phase 1),"Ported to src/services/auth/auth.api.js::login() + src/stores/auth.store.js::login(). Body shape confirmed 2026-09-07 from a real request payload: { employeeId, password, deviceToken: null, device: <user agent> }. `device` reuses services/geolocation.js::getDeviceInfo(), same as punch in/out. Response shape also confirmed live: userData.name renders correctly in the app."
A-011,Agent & Attendance,GET,get/agent,v2 · glacier.on-track.in/api,Bearer agentToken,Fetches agent — called from get_agents_by_id(),query: id,data (raw),1,store.js,,commits: LOADING_API,raw response.data consumed (no envelope),,,,Not started,
A-012,Agent & Attendance,GET,getAgents,LEGACY · api.on-track.in/api,Static Basic (hardcoded),"Fetches Agents — called from get_agents(), get_agents_by_id()","query: id, status",data (raw),3,store.js | store/modules/booking.js,,"commits: GET_AGENT, LOADING_API",LEGACY backend; raw response.data consumed (no envelope),,,,Not started,
A-013,Agent & Attendance,POST,getAgents,LEGACY · api.on-track.in/api,Static Basic (hardcoded),Submits Agents — called from checkAuthentication(),body: id,data (raw),2,store.js | store/modules/booking.js,,"commits: GET_AGENT, LOADING_API",LEGACY backend; POST used for a read; raw response.data consumed (no envelope),,,,Not started,
A-014,Agent & Attendance,POST,getAgentsActivity,LEGACY · api.on-track.in/api,Static Basic (hardcoded),Submits Agents Activity — called from getExtendHistory(),body: <payload> (variable — inspect at runtime),"(not read, or read indirectly)",1,store.js,GET tickets/:id,,LEGACY backend; POST used for a read,,,,Not started,
A-015,Analytics & Attribution,GET,/attribution/anonymous/:id,v2 · glacier.on-track.in/api,Bearer agentToken,Fetches anonymous — called from fetchData(),(none detected),"(not read, or read indirectly)",1,components/customers/trafficAttribution.vue,,,,,,,Not started,
A-016,Analytics & Attribution,GET,attribution/analytics/traffic-attribution,v2 · glacier.on-track.in/api,Bearer agentToken,Fetches traffic-attribution — called from fetchData(),"query: endDate, startDate",data (raw),1,views/TrafficAttribution.vue,,,raw response.data consumed (no envelope),Migrated,GET attribution/analytics/traffic-attribution (unchanged),,Done (Traffic Attribution),"Ported to src/services/reports/trafficAttribution.api.js + src/pages/reports/TrafficAttributionPage.vue (/traffic-attribution, By Traffic mode). Response confirmed 2026-09-24 from a sample: totals/bySource/bySourceMedium/bySourceCampaign/byPlatform/byAttributionType, each row with count/previousCount/changePercent/trend (group rows add signedUp/converted). Date presets now live in src/utils/dateRange.js instead of vue2-daterange-picker. The CSV now escapes values (the old one joined cells with raw commas)."
A-017,Analytics & Attribution,GET,attribution/analytics/traffic-attribution-by-value,v2 · glacier.on-track.in/api,Bearer agentToken,Fetches traffic-attribution-by-value — called from fetchData(),"query: endDate, sortBy, sortOrder, startDate",data (raw),1,views/TrafficAttributionByValue.vue,,,raw response.data consumed (no envelope),Migrated,GET attribution/analytics/traffic-attribution-by-value (unchanged),,Done (Traffic Attribution),"Ported into the same page as A-016 (By Value mode, ?metric=value). Shape taken from backend getTrafficAttributionStatsByValue: rows carry signup_conversion_rate/booking_conversion_rate strings and no trend. Not yet confirmed with a live response."
A-018,Analytics & Attribution,GET,operations/analytics/rentals/metrics,v2 · glacier.on-track.in/api,Bearer agentToken,Fetches metrics — called from getRentalMetrics(),"query: endDate, startDate","(not read, or read indirectly)",1,views/reports/ReportHome.vue,,,,,,,Not started,
A-019,Auth,GET,/outreach/user/loggedin/info,v2 · glacier.on-track.in/api,Bearer agentToken,Fetches info — called from created(),(none detected),"(not read, or read indirectly)",1,components/profile.vue,,,,Migrated (merged with A-020),GET /outreach/user/loggedin/info (unchanged),,Done (Phase 1),"Both call sites (profile-style direct call, store-driven session bootstrap) consolidated into src/services/auth/auth.api.js::fetchLoggedInUser(), used by src/stores/auth.store.js::restoreSession() on app load / hard refresh to validate a persisted token and hydrate the user before entering a protected route. Response CONFIRMED live 2026-09-18: raw object { id, userName, name, role, displayPicture, status, dob, doj, email, mobile, isOnline, token, alertForRSA, employeeID, canUpdateCollectionInfo, lessor, createdAt, updatedAt } — displayPicture/name/role now used by AppLayout.vue's avatar/name/role display."
A-020,Auth,GET,outreach/user/loggedin/info,v2 · glacier.on-track.in/api,Bearer agentToken,Fetches info — called from init(),(none detected),data (raw),1,store.js,,"commits: LOADING_API, UPDATE_LOGIN",raw response.data consumed (no envelope),Migrated (merged with A-019),GET /outreach/user/loggedin/info (unchanged),,Done (Phase 1),Same endpoint as A-019; see that row.
A-021,Bookings,POST,//getBookingByQuery,LEGACY · api.on-track.in/api,Static Basic (hardcoded),Submits Booking By Query — called from get_completed_booking_by_vehicle(),"body: Authorization, status, vehicle","(not read, or read indirectly)",1,store.js,POST operations/getBookings,commits: LOADING_API,LEGACY backend; malformed URL (double/triple slash),,,,Not started,
A-022,Bookings,POST,/operations/booking/end/send-pin-generation-link,v2 · glacier.on-track.in/api,Bearer agentToken,Submits send-pin-generation-link — called from sendOTPGenerationLink(),body: bookingId,"(not read, or read indirectly)",1,components/endbooking.vue,,,,Migrated (as-is),POST /ops/v3/bookings/:id/end/send-pin-link,,Done,Ported to endBooking.api.js::sendPinGenerationLink(). Confirmed live 2026-09-07 (Step 2 alert/CTA rendered correctly for a booking with no dropPin set yet).
A-023,Bookings,PUT,/operations/booking/update-delivery,v2 · glacier.on-track.in/api,Bearer agentToken,Updates -delivery — called from updateDelivery(),body: <payload> (variable — inspect at runtime),"data.error, data.message",1,components/UpdateDeliveryTypeModal.vue,,,,Migrated,PUT /operations/booking/update-delivery (unchanged),,Done (Phase 1 — Booking detail),Ported to ontrack-ops-v3 src/services/bookings/bookingDetail.api.js::updateDeliveryType() + src/components/bookings/detail/UpdateDeliveryTypeDialog.vue. Not exercised live this session (mutating).
A-024,Bookings,GET,/operations/bookings,v2 · glacier.on-track.in/api,Bearer agentToken,Fetches bookings — called from updateQueryParamUrl(),"query: limit, locations, models, offset, plan_types, searchQuery, sortOrder, statuses","{ count, rows }; row: id, bookingId, customer/vehicle/model (ids), status (numeric), startDate, endDate, amount + embedded customerData/vehicleData/modelData — CONFIRMED live 2026-09-07",1,components/bookings.vue,,,,Migrated,GET /operations/bookings (unchanged),,Done (Phase 2 — Bookings list),Ported to ontrack-ops-v3 src/services/bookings/bookings.api.js + src/stores/bookings.store.js + src/pages/bookings/BookingsPage.vue. Row shape confirmed against the live backend (search/limit/offset only wired; locations/models/plan_types/statuses/sortOrder filters not wired — no documented valid values).
A-025,Bookings,POST,/operations/cancelBooking/:id,v2 · glacier.on-track.in/api,Bearer agentToken,Submits cancel Booking — called from cancelBooking(),body: <payload> (variable — inspect at runtime),"(not read, or read indirectly)",2,components/AllBookingDetailsV2.vue | components/allbookingdetails.vue,,,,Migrated,POST /operations/cancelBooking/:id (unchanged),,Done (Phase 1 — Booking detail),Ported to bookingDetail.api.js::cancelBooking() + BookingDetailPage.vue cancel dialog. Not exercised live this session (mutating).
A-026,Bookings,POST,/operations/endbooking,v2 · glacier.on-track.in/api,Bearer agentToken,Submits endbooking — called from confirmEndBooking(),"body: absconding, blacklist, bookingEndComment, forcefullyRecovered, otp","data.error, data.message",1,components/endbooking.vue,,,,Migrated (as-is),POST /ops/v3/bookings/:id/end,,Done,"Ported to endBooking.api.js::submitEndBooking(). Response shape { error, message } confirmed from old app source. NOT fired live this session (mutating, terminal action) — code-reviewed only."
A-027,Bookings,POST,/operations/getBookings,v2 · glacier.on-track.in/api,Bearer agentToken,"Submits Bookings — called from fetchBooking(), getBookingData()","query: limit · body: bookingId, customer, paymentStatus","(not read, or read indirectly)",3,components/AllBookingDetailsV2.vue | components/UpdateDeliveryTypeModal.vue | components/createBooking.vue,GET /locations,,POST used for a read; called from 3 files,,,,Not started,
A-028,Bookings,POST,/operations/modifyBooking,v2 · glacier.on-track.in/api,Bearer agentToken,Submits modify Booking — called from updateBooking(),"body: HH, amount, bookingId, collectedAmount, comment, model, newEndDate, null, paymentId, paymentReceivedOn, paymentSource, paymentStatus, reason, refundId, refundedAmount, transactionType, type, vehicle","(not read, or read indirectly)",1,components/modifyBooking.vue,,,,Migrated,POST /operations/modifyBooking (unchanged),,Done (Phase 1 — Modify booking),"Ported to ontrack-ops-v3 src/services/bookings/modifyBooking.api.js::submitModifyBooking() + src/pages/bookings/ModifyBookingPage.vue. One endpoint, type-discriminated (extend/exchange), exactly as the old app calls it. Not exercised live this session (mutating)."
A-029,Bookings,POST,/operations/modifybooking/exchangeVehicleImage/upload,v2 · glacier.on-track.in/api,Bearer agentToken,Submits upload — called from uploadExchangeVehicleImage(),body: <fd> (variable — inspect at runtime),"(not read, or read indirectly)",1,components/modifyBooking.vue,,,,Migrated,POST /operations/modifybooking/exchangeVehicleImage/upload (unchanged),,Done (Phase 1 — Modify booking),"Ported to modifyBooking.api.js::uploadExchangeVehicleImage(), used by ModifyBookingPage.vue's Exchange details dialog. Not exercised live this session (mutating)."
A-030,Bookings,POST,/operations/preBookingData/,v2 · glacier.on-track.in/api,Bearer agentToken,"Submits pre Booking Data — called from confirmAssign(), submitForm()",query: id,"data (raw), data.message",2,components/assignVehicle2.vue | views/bookings/preBookingData.vue,,  dispatches: assignVehicle,,Migrated,POST /operations/preBookingData/ (unchanged),,Done (Phase 1 — Assign vehicle + Pre-booking data edit),"Ported to two v3 call sites matching the old app's two real call shapes: assignVehicle.api.js::submitPreBookingData() (all 6 images incl. odometer, ""Assign Vehicle - "" comment prefix, used by AssignVehiclePage.vue) and preBookingData.api.js::updatePreBookingData() (5 images only, partial-update — only re-selected images are sent, no odometer field, no comment prefix, used by PreBookingDataPage.vue for editing an already-assigned booking's data). Neither call fired live this session (mutating)."
A-031,Bookings,POST,/operations/revertBooking/:id,v2 · glacier.on-track.in/api,Bearer agentToken,Submits revert Booking — called from reinitiate_booking(),body: description,data.message,2,components/AllBookingDetailsV2.vue | components/allbookingdetails.vue,,,,Migrated,POST /operations/revertBooking/:id (unchanged),,Done (Phase 1 — Booking detail),Ported to bookingDetail.api.js::reinitiateBooking() + BookingDetailPage.vue reinitiate dialog. Not exercised live this session (mutating).
A-032,Bookings,GET,/outreach/bookings/expired/map-data,v2 · glacier.on-track.in/api,Bearer agentToken,Fetches map-data — called from loadVehicles(),(none detected),"(not read, or read indirectly)",1,views/vehicles/gpsTrackerList.vue,,,,Migrated (fixed),GET /ops/v3/vehicles/gps-tracker,,Done (Phase 2 — GPS Tracker),"Ported to gpsTracker.api.js::fetchTrackedVehicles(), used by GpsTrackerPage.vue. THREE REAL BUGS FOUND & FIXED (not replicated), all previously flagged by the Phase 2 audit as likely making this page broken in production today: (1) the marker v-if referenced `vehicle` at a template scope where it wasn't defined yet (before the v-for that declares it) — replaced with imperative marker sync keyed off a `vehiclesWithGpsData` computed, so this class of bug can't recur; (2) selectVehicle() read `vehicle.lat`/`vehicle.lng`, which don't exist on the real response — the real coordinates are `vehicle.gpsData.lat`/`.lng` — fixed; (3) scrollToVehicle() looked up `vehicle.id`, but list items are keyed by `vehicle.vehicleId` — fixed. Also: hardcoded London fallback center replaced with Bangalore; dead `centerMapOnMyLocation()` (defined but never wired to a button) now has a real 'My Location' button. Uses the raw `google.maps` API directly (new src/services/googleMapsLoader.js) instead of a Vue-Maps wrapper library, since `vue2-google-maps` (the old app's dependency) has no maintained Vue 3 equivalent already in this project. Verified live 2026-09-07: vehicle list + status-filter reload both confirmed against real data (Active vs Upcoming showed different real bookings), zero console errors. The map/marker rendering itself was NOT live-verified — VITE_GOOGLE_MAPS_API_KEY is unset in this environment, so the page correctly shows its 'Map unavailable' fallback instead of crashing; needs a real key to verify marker placement/click-to-center end to end."
A-033,Bookings,POST,/v2/booking/upload-image-mandatory/:id,v2 · glacier.on-track.in/api,Bearer agentToken,Submits upload-image-mandatory — called from confirmUpload(),body: <payload> (variable — inspect at runtime),"(not read, or read indirectly)",1,components/endbooking.vue,,,,Migrated (as-is),POST /ops/v3/booking-line-items/:id/images,,Done,"Ported to endBooking.api.js::uploadMandatoryImage() (multipart FormData: image, type). NOT fired live this session (mutating) — code-reviewed only."
A-034,Bookings,POST,booking/:id/vehicle/assign,v2 · glacier.on-track.in/api,Bearer agentToken,Submits assign — called from assignVehicle(),body: <payload.data> (variable — inspect at runtime),data (raw),1,store.js,,commits: LOADING_API,raw response.data consumed (no envelope),Migrated,POST booking/:id/vehicle/assign (unchanged),,Done (Phase 1 — Assign vehicle),Ported to assignVehicle.api.js::assignVehicleToBooking(). Not exercised live this session (mutating).
A-035,Bookings,GET,bookingLineItems,LEGACY · api.on-track.in/api,Static Basic (hardcoded),Fetches booking Line Items — called from get_booking_line_item(),query: booking,data (raw),1,store/modules/booking.js,,"commits: GET_BOOKING_LINE_ITEM, LOADING_API, LOADING_CUSTOMER",LEGACY backend; raw response.data consumed (no envelope),,,,Not started,
A-036,Bookings,POST,getBookingById,LEGACY · api.on-track.in/api,Static Basic (hardcoded),Submits Booking By Id — called from get_booking_by_id(),body: id,data (raw),1,store/modules/booking.js,,"commits: GET_BOOKING_BY_ID, LOADING_API",LEGACY backend; POST used for a read; raw response.data consumed (no envelope),,,,Not started,
A-037,Bookings,POST,getBookingByQuery,LEGACY · api.on-track.in/api,Static Basic (hardcoded),"Submits Booking By Query — called from get_booking_by_customer(), get_booking_by_query(), get_booking_by_vehicle()","body: customer, paymentStatus, status, vehicle","data (raw), data.length",6,store.js | store/modules/booking.js,POST operations/getBookings,"commits: GET_BOOKING_BY_CUSTOMER, GET_BOOKING_BY_VEHICLE, GET_COMPLETED_BOOKING_BY_VEHICLE, GET_NEW_BOOKING, LOADING_API, LOADING_COMPLETED, LOADING_CUSTOMER, LOADING_VEHICLE",LEGACY backend; POST used for a read; raw response.data consumed (no envelope),,,,Not started,
A-038,Bookings,POST,getBookingList,LEGACY · api.on-track.in/api,Static Basic (hardcoded),Submits Booking List — called from get_bookings(),"body: paymentStatus, status",data (raw),1,store/modules/booking.js,,"commits: GET_BOOKING, LOADING_API",LEGACY backend; POST used for a read; raw response.data consumed (no envelope),,,,Not started,
A-039,Bookings,POST,https://api.on-track.in/api/booking/:id,bare axios · absolute URL,None,Submits booking — called from createBooking(),"body: endDate, model, startDate, status, vehicle",data (raw),1,components/assignVehicle.vue,POST https://api.on-track.in/api/createActivity | POST https://api.on-track.in/api/flagActiveToRepute | POST https://api.on-track.in/api/sendConfirmationEmail | POST https://api.on-track.in/api/vehicle/:id,,"bypasses shared client (absolute URL, no interceptor, no 401 handling); raw response.data consumed (no envelope)",,,,Not started,
A-040,Bookings,POST,https://api.on-track.in/api/preBookingData,bare axios · absolute URL,None,Submits pre Booking Data — called from assignVehicle(),"query: comment, id, km","(not read, or read indirectly)",1,components/assignVehicle.vue,,  dispatches: assignVehicle,"bypasses shared client (absolute URL, no interceptor, no 401 handling)",,,,Not started,
A-041,Bookings,PUT,https://api.on-track.in/api/preBookingData,bare axios · absolute URL,None,"Updates pre Booking Data — called from saveUpdateBookingLineItem(), updateBookingLineItem()",query: id,"(not read, or read indirectly)",2,components/allbookingdetails.vue | components/assignVehicle.vue,,"  dispatches: get_booking_line_item, get_models, get_new_bookings","bypasses shared client (absolute URL, no interceptor, no 401 handling)",,,,Not started,
A-042,Bookings,GET,operations/analytics/booking/source,v2 · glacier.on-track.in/api,Bearer agentToken,Fetches source — called from loadSourceWise(),(none detected),"(not read, or read indirectly)",1,views/bookings/analytics/home.vue,,,,,,,Not started,
A-043,Bookings,GET,operations/analytics/booking/status,v2 · glacier.on-track.in/api,Bearer agentToken,Fetches status — called from loadStatus(),(none detected),"(not read, or read indirectly)",1,views/bookings/analytics/home.vue,,,,,,,Not started,
A-044,Bookings,GET,operations/bookingLineItems,v2 · glacier.on-track.in/api,Bearer agentToken,"Fetches booking Line Items — called from getBookingLineData(), getBookingLineItemData(), getBookingLineItems()",query: booking,"data (raw), data.message",4,components/assignVehicle2.vue | components/endbooking.vue | store.js | views/bookings/preBookingData.vue,,"commits: GET_BOOKING_LINE_ITEM, LOADING_API, LOADING_CUSTOMER",called from 4 files; raw response.data consumed (no envelope),Migrated,GET /operations/bookingLineItems (unchanged),,Done (Phase 1 — Booking detail),"Ported to bookingDetail.api.js::fetchBookingLineItem(), used by ImagesTab.vue. Not exercised live this session."
A-045,Bookings,POST,operations/getBookingList,v2 · glacier.on-track.in/api,Bearer agentToken,"Submits Booking List — called from getBookingList(), get_bookings()","query: limit · body: paymentStatus, searchTerm, status","data (raw), data.count, data.rows",3,components/customers/bookingHistory.vue | store.js,,"commits: GET_BOOKING, LOADING_API",POST used for a read; raw response.data consumed (no envelope),,,,Not started,
A-046,Bookings,POST,operations/getBookings,v2 · glacier.on-track.in/api,Bearer agentToken,"Submits Bookings — called from fetchBookingData(), getBookingData(), getBookingDetails()","query: limit · body: bookingId, customer, deliveryType, location, paymentStatus, status, vehicle","bare array (not { count, rows }); same row shape as A-024 + embedded locationData/recoveryData — CONFIRMED live 2026-09-07",18,components/Recovery/BookingView.vue | components/Recovery/VehicleView.vue | components/allbookingdetails.vue | components/assignVehicle2.vue | components/endbooking.vue | components/newBookings.vue | pages/bookingConfirmed.vue | pages/paymentLink.vue | pages/paymentMethods.vue | store.js | views/bookings/preBookingData.vue | views/vehicles/vehicleDetails.vue,POST //getBookingByQuery | POST getBookingByQuery,"commits: GET_BOOKING_BY_CUSTOMER, GET_BOOKING_BY_ID, GET_BOOKING_BY_QUERY, GET_BOOKING_BY_VEHICLE, GET_COMPLETED_BOOKING_BY_VEHICLE, GET_NEW_BOOKING, LOADING_API, LOADING_COMPLETED, LOADING_CUSTOMER, LOADING_VEHICLE  dispatches: get_booking_line_item",POST used for a read; called from 12 files; raw response.data consumed (no envelope),Migrated,POST operations/getBookings (unchanged),,Done (Phase 2 — Home bookings feed),"Ported to ontrack-ops-v3 src/services/home/home.api.js::fetchHomeBookingsFeed() + src/pages/dashboard/HomePage.vue, with the fixed filter { status: 0, paymentStatus: 1, deliveryType: null, location: null } + limit=200 the old homepage-content.vue sends. Only this specific Home-feed use is wired — the endpoint's other 17 call sites (booking detail lookups etc.) are not. Also used with a `{ vehicle }` filter (instead of `{ bookingId }`) by vehicleDetail.api.js::fetchVehicleBookingHistory(), for VehicleDetailPage.vue's Booking History tab — confirmed live 2026-09-07."
A-047,Bookings,GET,outreach/funnel/bookings/:id,v2 · glacier.on-track.in/api,Bearer agentToken,Fetches bookings — called from searchBooking(),(none detected),"(not read, or read indirectly)",1,components/ExtendBookingv2.vue,,,,Migrated,GET outreach/funnel/bookings/:id (unchanged),,Done (Phase 1 — Extend booking),"Ported to ontrack-ops-v3 src/services/bookings/extendBooking.api.js::fetchExtendBookingSummary(), used by ExtendBookingPage.vue. CONFIRMED live 2026-09-07 — real status/vehicleData/modelData/dates rendered correctly; also confirmed the real backend rejects a non-extendable (status 0) booking with a clean error message."
A-048,Bookings,PUT,v2/bookingLineItemsData/:id/update,v2 · glacier.on-track.in/api,Bearer agentToken,Updates update — called from updateBookingLineItems(),"body: postComment, postKm","(not read, or read indirectly)",1,components/endbooking.vue,,,,Migrated (as-is),PUT /ops/v3/booking-line-items/:id,,Done,Ported to endBooking.api.js::updatePostBookingData(). Step 3 form confirmed live 2026-09-07 (renders blank/prefilled correctly); the PUT itself NOT fired live (mutating) — code-reviewed only.
A-049,Customers,POST,/operations/create/customer,v2 · glacier.on-track.in/api,Bearer agentToken,Submits customer — called from submitForm(),body: <payload> (variable — inspect at runtime),"data (raw), data.message",1,pages/createCustomer.vue,,,,,,,Not started,
A-050,Customers,GET,/operations/customer-activities,v2 · glacier.on-track.in/api,Bearer agentToken,Fetches customer-activities — called from loadData(),"query: customerId, limit, offset","(not read, or read indirectly)",1,components/customers/activitiesHistory.vue,,,,,,,Not started,
A-051,Customers,GET,/operations/customer/:id,v2 · glacier.on-track.in/api,Bearer agentToken,Fetches customer — called from fetchCustomerDetails(),(none detected),"(not read, or read indirectly)",1,components/bookingForm.vue,,,,Migrated,GET /operations/customer/:id (unchanged),,"Done (Phase 1 — Create booking, Dynamic)","Ported to src/services/customers/customerDetail.api.js::fetchCustomer(), used by CreateBookingDynamicPage.vue. CONFIRMED live 2026-09-07 — real customer name/mobile/email/penaltyCharge rendered correctly."
A-052,Customers,POST,/operations/customer/:id,v2 · glacier.on-track.in/api,Bearer agentToken,"Submits customer — called from assignVehicle(), dlnumber(), dlverify()","body: DLVerified, DLnumberVerified, IDVerified",data (raw),4,components/bookingDetails.vue,,,raw response.data consumed (no envelope),,,,Not started,
A-053,Customers,GET,/operations/customer/:id/address,v2 · glacier.on-track.in/api,Bearer agentToken,Fetches address — called from loadCustomerAddresses(),query: customerId,"(not read, or read indirectly)",1,components/bookingForm.vue,,,,Migrated,GET /operations/customer/:id/address (unchanged),,"Done (Phase 1 — Create booking, Dynamic)","Ported to customerDetail.api.js::fetchCustomerAddresses(), used after adding a new address. Not exercised live this session (only the embedded addressBooks from A-051 were exercised)."
A-054,Customers,GET,customer/:id,LEGACY · api.on-track.in/api,Static Basic (hardcoded),Fetches customer — called from get_customer_detail(),(none detected),"(not read, or read indirectly)",2,store.js | store/modules/booking.js,,"commits: GET_CUSTOMER_DETAIL, LOADING_API",LEGACY backend,,,,Not started,
A-055,Customers,POST,https://api.on-track.in/api/customer,bare axios · absolute URL,None,Submits customer — called from savePenalty(),body: penaltyCharge,"(not read, or read indirectly)",1,components/allbookingdetails.vue,,  dispatches: get_customer_detail,"bypasses shared client (absolute URL, no interceptor, no 401 handling)",,,,Not started,
A-056,Customers,POST,operations/customer/:id,v2 · glacier.on-track.in/api,Bearer agentToken,Submits customer — called from updatePenalty(),body: penaltyCharge,"(not read, or read indirectly)",1,components/endbooking.vue,,,,Migrated (as-is),POST /ops/v3/customers/:id/penalty,,Done,"Ported to endBooking.api.js::updateCustomerPenalty(). Different real call shape than A-148 (PUT .../penalty/update/) despite similar purpose — both kept distinct, not consolidated, per ""verify actual shape, don't assume duplicates match"" rule. NOT fired live (mutating) — code-reviewed only."
A-057,Customers,POST,operations/customer/:id/add-address,v2 · glacier.on-track.in/api,Bearer agentToken,Submits add-address — called from onSubmit(),body: <this.form> (variable — inspect at runtime),"data (raw), data.message",1,components/customers/AddAddress.vue,,,,Migrated,POST operations/customer/:id/add-address (unchanged),,"Done (Phase 1 — Create booking, Dynamic)","Ported to customerDetail.api.js::addCustomerAddress(), used by AddAddressForm.vue (embedded in CreateBookingDynamicPage.vue). Not exercised live this session (mutating)."
A-058,Customers,POST,operations/getCustomerList,v2 · glacier.on-track.in/api,Bearer agentToken,"Submits Customer List — called from getCustomerData(), getCustomerList()","query: limit · body: customerId, paymentStatus, searchTerm, status","{ count, rows }; row: id, fName, lName, mobile, email, blacklist, absconding, status (numeric, no enum) — row shape CONFIRMED live 2026-09-07",3,views/customers/customerList.vue | views/customers/viewCustomer.vue,,,POST used for a read,Migrated,POST operations/getCustomerList (unchanged),,Done (Phase 2 — Customers list),"Ported to ontrack-ops-v3 src/services/customers/customers.api.js + src/stores/customers.store.js + src/pages/customers/CustomersPage.vue. Only searchTerm wired (customerId/paymentStatus/status are viewCustomer.vue concerns, not the list page)."
A-059,Customers,POST,searchCustomer,LEGACY · api.on-track.in/api,Static Basic (hardcoded),Submits Customer — called from get_customerbyname(),(none detected),data (raw),2,store.js | store/modules/booking.js,,"commits: GET_CX_BY_NUM, LOADING_API",LEGACY backend; POST used for a read; raw response.data consumed (no envelope),,,,Not started,
A-060,Customers,GET,searchCustomer/:id,v2 · glacier.on-track.in/api,Bearer agentToken,Fetches Customer — called from fetchCustomer(),(none detected),"(not read, or read indirectly)",1,components/createBooking.vue,,,,Migrated,GET searchCustomer/:id (unchanged),,"Done (Phase 1 — Create booking, Manual)","Ported to src/services/bookings/createBooking.api.js::searchCustomerByPhone(), used by CreateBookingManualPage.vue. CONFIRMED live 2026-09-07 — real customer (""Rohit Kumar"", 7079812442) returned correctly. Confirmed v2 (not the near-identical LEGACY A-059 sibling with a different real caller)."
A-061,Documents,POST,/otr_vault/upload-document,v2 · glacier.on-track.in/api,Bearer agentToken,Submits upload-document — called from uploadImage(),body: <formData> (variable — inspect at runtime),data.image_path,2,pages/createModel.vue | pages/createVehicle.vue,,,,,,,Not started,
A-062,Extensions,GET,/operations/extension/:id,v2 · glacier.on-track.in/api,Bearer agentToken,Fetches extension — called from onRowClick(),(none detected),"(not read, or read indirectly)",1,components/v2/extensionList.vue,,,,Migrated,GET /operations/extension/:id (unchanged),,Done (Phase 1 — Booking detail),"Ported to extensions.api.js::fetchExtensionDetail(), used by ExtensionTab.vue row-click dialog. Not exercised live this session (no extension rows existed on the tested booking)."
A-063,Extensions,GET,/operations/extensionPayments,v2 · glacier.on-track.in/api,Bearer agentToken,Fetches extension Payments — called from loadData(),"query: bookingId, customerId, limit, offset","(not read, or read indirectly)",2,components/customers/extensionHistory.vue | components/v2/extensionList.vue,,,,Migrated,GET /operations/extensionPayments (unchanged),,Done (Phase 1 — Booking detail),"Ported to extensions.api.js::fetchExtensions(), used by ExtensionTab.vue. CONFIRMED live 2026-09-07 — { rows, count } envelope matches, empty result set for the tested booking."
A-064,Extensions,POST,create-extension-payment-link-cf,v2 · glacier.on-track.in/api,Bearer agentToken,Submits -extension-payment-link-cf — called from sendPaymentLinkCashFree(),body: extendId,"(not read, or read indirectly)",1,components/ExtendBookingPaymentMethods.vue,,,,Migrated,POST create-extension-payment-link-cf (unchanged),,Done (Phase 1 — Extend booking),"Ported to extendBooking.api.js::sendExtendPaymentLinkCashfree(), used by ExtendBookingPaymentPage.vue. Not exercised live this session (mutating)."
A-065,Extensions,POST,operations/booking/extend/calculate,v2 · glacier.on-track.in/api,Bearer agentToken,Submits calculate — called from calculatePayment(),body: <obj> (variable — inspect at runtime),"data (raw), data.message",1,components/ExtendBookingv2.vue,,,,Migrated,POST operations/booking/extend/calculate (unchanged),,Done (Phase 1 — Extend booking),"Ported to extendBooking.api.js::calculateExtend(), used by ExtendBookingPage.vue. CONFIRMED live 2026-09-07 — real overdue-day calculation, pricing breakdown, and WEEKLY-plan conditional (day slider hidden) all matched the old app exactly."
A-066,Extensions,POST,operations/booking/extend/create-order,v2 · glacier.on-track.in/api,Bearer agentToken,Submits -order — called from createOrder(),body: <this.extendResponse> (variable — inspect at runtime),"(not read, or read indirectly)",1,components/ExtendBookingv2.vue,,,,Migrated,POST operations/booking/extend/create-order (unchanged),,Done (Phase 1 — Extend booking),Ported to extendBooking.api.js::createExtendOrder(). Not exercised live this session (mutating).
A-067,Extensions,POST,operations/booking/extend/send-payment-link,v2 · glacier.on-track.in/api,Bearer agentToken,Submits send-payment-link — called from sendPaymentLink(),body: extendId,"(not read, or read indirectly)",1,components/ExtendBookingPaymentMethods.vue,,,,Migrated,POST operations/booking/extend/send-payment-link (unchanged),,Done (Phase 1 — Extend booking),"Ported to extendBooking.api.js::sendExtendPaymentLink(), used by ExtendBookingPaymentPage.vue. Not exercised live this session (mutating)."
A-068,Extensions,GET,operations/extension/:id,v2 · glacier.on-track.in/api,Bearer agentToken,Fetches extension — called from getExtensionDetails(),(none detected),"data (raw), data.message",1,components/ExtendBookingPaymentMethods.vue,,,,Migrated,GET operations/extension/:id (unchanged),,Done (Phase 1 — Extend booking),Reused extensions.api.js::fetchExtensionDetail() (already ported for the Booking Detail Extension tab) for ExtendBookingPaymentPage.vue. Not exercised live this session for this specific screen.
A-069,External / Google,GET,https://maps.googleapis.com/maps/api/geocode/json,bare axios · absolute URL,None,Fetches json — called from getLocation(),"query: key, latlng","(not read, or read indirectly)",1,components/profile.vue,,,"bypasses shared client (absolute URL, no interceptor, no 401 handling)",Migrated,"GET https://maps.googleapis.com/maps/api/geocode/json (unchanged — external, not an ops backend endpoint)",,Done (Phase 1),"Ported to src/services/geocode.js::reverseGeocode(), called from src/stores/attendance.store.js before punch in/out. Still a deliberate bare external call (not through v2Client — this is a direct Google API call, not an ops backend endpoint). Requires VITE_GOOGLE_MAPS_API_KEY; fails soft (returns null place) rather than blocking punch in/out if the key is missing or the call fails."
A-070,Fines & Violations,POST,violations/find,v2 · glacier.on-track.in/api,Bearer agentToken,Submits find — called from getTrafficViolation(),body: bookingId,data (raw),1,store.js,,"commits: LOADING_API, TRAFFIC_VIOLATION_DATA",raw response.data consumed (no envelope),Migrated (fixed),POST /ops/v3/bookings/:id/traffic-violations,,Done,"Ported to endBooking.api.js::fetchTrafficViolations(). BUG FOUND & NOT REPLICATED: old app's getTrafficViolation Vuex action overrides this v2 call's Authorization header with a hardcoded LEGACY Basic-auth constant, despite this being a documented Bearer-token endpoint — looks like a copy-paste artifact, not a real requirement. New code uses standard v2Client Bearer auth."
A-071,GPS & Tracking,POST,//https://api.on-track.in/api/vehicle,bare axios · absolute URL,None,Submits vehicle — called from modelchange(),"query: location, model · body: Authorization, https",data (raw),1,components/assignVehicle.vue,,,"bypasses shared client (absolute URL, no interceptor, no 401 handling); malformed URL (double/triple slash); raw response.data consumed (no envelope)",,,,Not started,
A-072,GPS & Tracking,GET,/operations/vehicle/current-location,v2 · glacier.on-track.in/api,Bearer agentToken,"Live GPS position of one vehicle, polled for the vehicle detail map — called from fetchLocation()",query: registrationNumber,"{ data: [ { vehicleNumber, vehicleId, lat, lng, movementStatus, speed, ignition, orientation, lastUpdated, batteryValue, batteryUnit, totalSatellites } ] }; empty data = no tracking — CONFIRMED live 2026-09-23 (KA01AU4527)",1,components/vehicles/gpsTracker.vue,,,,Migrated,GET /operations/vehicle/current-location (unchanged),,Done (Vehicle detail — live location),"Ported to vehicleDetail.api.js::fetchCurrentLocation() (skipGlobalLoading, since it polls), used by components/vehicles/detail/VehicleLiveLocation.vue on the vehicle detail page. Polls every 120s when STOPPED, 20s otherwise (same as old app), with one timer cleared on unmount. The old app read speed_unit, which this response does not contain."
A-073,GPS & Tracking,POST,/toggleGpsStatus/vehicle/:id,v2 · glacier.on-track.in/api,Bearer agentToken,Submits vehicle — called from changeGpsStatus(),"body: gps, gps_vendor","(not read, or read indirectly)",2,components/Recovery/VehicleView.vue | views/vehicles/vehicleDetails.vue,,  dispatches: get_vehicle_by_id,,Migrated (as-is),POST /ops/v3/vehicles/:id/gps,,Done (Phase 2 — Vehicle detail),"Ported to vehicleDetail.api.js::toggleGpsStatus(). Old app sends a hardcoded admin Basic-auth header override on BOTH of its independent call sites (vehicleDetails.vue and Recovery/VehicleView.vue) — unlike the single-anomalous-caller pattern found on A-070 (judged a copy-paste bug, not replicated), this consistent 2-site pattern was judged a genuine backend requirement and IS replicated as-is (v2Client.js gained a small opt-out so a caller can pre-set Authorization to skip the usual Bearer token). Flagged as an ASSUMPTION pending a real backend check. Response also revealed the real `vehicleGps`-equivalent field: top-level boolean `gps` (plus `gpsVendorId`, a numeric FK the old app never actually used to pre-select its vendor dropdown, defaulting it to a hardcoded 1 instead — also fixed)."
A-074,GPS & Tracking,GET,gps/vendor,v2 · glacier.on-track.in/api,Bearer agentToken,Fetches vendor — called from getGpsVendors(),body: <payload> (variable — inspect at runtime),"(not read, or read indirectly)",1,store.js,GET  | GET tickets/:id,,,Migrated (as-is),GET /ops/v3/gps-vendors,,Done (Phase 2 — Vehicle detail),"Ported to vehicleDetail.api.js::fetchGpsVendors(), used by SettingsTab.vue's Change GPS Status dialog vendor picker."
A-075,GPS & Tracking,POST,https://api.on-track.in/api/createActivity,bare axios · absolute URL,None,"Submits Activity — called from createAgentActivity(), createAgentActivityafterCancel(), createBooking()","body: agentId, bookingId, description, name, type","(not read, or read indirectly)",3,components/allbookingdetails.vue | components/assignVehicle.vue | components/createBooking.vue,POST https://api.on-track.in/api/booking/:id | POST https://api.on-track.in/api/flagActiveToRepute | POST https://api.on-track.in/api/sendConfirmationEmail | POST https://api.on-track.in/api/vehicle/:id,,"bypasses shared client (absolute URL, no interceptor, no 401 handling); called from 3 files",,,,Not started,
A-076,GPS & Tracking,POST,https://api.on-track.in/api/flagActiveToRepute,bare axios · absolute URL,None,Submits flag Active To Repute — called from createBooking(),"body: bookingId, customerId, null, pickupDateTime, registrationNumber, status","(not read, or read indirectly)",1,components/assignVehicle.vue,POST https://api.on-track.in/api/booking/:id | POST https://api.on-track.in/api/createActivity | POST https://api.on-track.in/api/sendConfirmationEmail | POST https://api.on-track.in/api/vehicle/:id,,"bypasses shared client (absolute URL, no interceptor, no 401 handling)",,,,Not started,
A-077,GPS & Tracking,POST,https://api.on-track.in/api/sendConfirmationEmail,bare axios · absolute URL,None,Submits send Confirmation Email — called from createBooking(),body: id,"(not read, or read indirectly)",1,components/assignVehicle.vue,POST https://api.on-track.in/api/booking/:id | POST https://api.on-track.in/api/createActivity | POST https://api.on-track.in/api/flagActiveToRepute | POST https://api.on-track.in/api/vehicle/:id,,"bypasses shared client (absolute URL, no interceptor, no 401 handling)",,,,Not started,
A-078,GPS & Tracking,POST,https://api.on-track.in/api/vehicle/:id,bare axios · absolute URL,None,Submits vehicle — called from createBooking(),body: status,"(not read, or read indirectly)",1,components/assignVehicle.vue,POST https://api.on-track.in/api/booking/:id | POST https://api.on-track.in/api/createActivity | POST https://api.on-track.in/api/flagActiveToRepute | POST https://api.on-track.in/api/sendConfirmationEmail,,"bypasses shared client (absolute URL, no interceptor, no 401 handling)",,,,Not started,
A-079,GPS & Tracking,POST,https://api.on-track.in/api/vehicle/:id,v2 · glacier.on-track.in/api,Bearer agentToken,Submits vehicle — called from changingInsurance(),"body: InsurancePolicy, insuranceDate, nextInsuranceDate","(not read, or read indirectly)",2,components/Recovery/VehicleView.vue | views/vehicles/vehicleDetails.vue,POST https://api.on-track.in/api/booking/:id | POST https://api.on-track.in/api/createActivity | POST https://api.on-track.in/api/flagActiveToRepute | POST https://api.on-track.in/api/sendConfirmationEmail,  dispatches: get_vehicle_by_id,,,,,Not started,
A-080,GPS & Tracking,GET,https://glacier.on-track.in/api/otr_dealer,LEGACY · api.on-track.in/api,Static Basic (hardcoded),Fetches otr dealer — called from get_otr_dealers(),(none detected),data (raw),2,store.js | store/modules/booking.js,,"commits: GET_OTR_DEALERS, LOADING_API",LEGACY backend; raw response.data consumed (no envelope),,,,Not started,
A-081,GPS & Tracking,POST,https://glacier.on-track.in/api/send/notification,bare axios · absolute URL,None,Submits notification — called from pushNotification(),"body: channel, content, event, message","(not read, or read indirectly)",1,components/assignVehicle.vue,,,"bypasses shared client (absolute URL, no interceptor, no 401 handling)",,,,Not started,
A-082,KM Billing,GET,/operations/bills/:id/mark-paid,v2 · glacier.on-track.in/api,Bearer agentToken,Fetches mark-paid — called from markAsPaid(),"query: comment, paymentId, source","(not read, or read indirectly)",1,components/payments&others/kmlogs.vue,,,,Migrated,GET /operations/bills/:id/mark-paid (unchanged),,Done (Phase 1 — Booking detail),"Ported to kmBills.api.js::markKmBillPaid(), used by KmBillsTab.vue. Not exercised live this session (mutating)."
A-083,KM Billing,GET,/operations/km-logs/bill,v2 · glacier.on-track.in/api,Bearer agentToken,Fetches bill — called from fetchBills(),query: bookingId,"(not read, or read indirectly)",1,components/payments&others/kmlogs.vue,,,,Migrated,GET /operations/km-logs/bill (unchanged),,Done (Phase 1 — Booking detail),"Ported to kmBills.api.js::fetchKmBills(), used by KmBillsTab.vue. Not exercised live this session."
A-084,KM Billing,POST,/operations/km-logs/bill,v2 · glacier.on-track.in/api,Bearer agentToken,Submits bill — called from generateBill(),body: <payload> (variable — inspect at runtime),"(not read, or read indirectly)",1,components/payments&others/kmlogs.vue,,,,Migrated,POST /operations/km-logs/bill (unchanged),,Done (Phase 1 — Booking detail),Bill-generation endpoint documented in kmBills.api.js; the old app's bill-generation UI (selectable KM logs) was dead code (never rendered) so it was not ported — only the Bills list + mark-paid flow was.
A-085,KM Billing,POST,/operations/km-logs/bills/:id/create-pending,v2 · glacier.on-track.in/api,Bearer agentToken,Submits -pending — called from createPendingBill(),(none detected),"(not read, or read indirectly)",1,components/PendingKmBills.vue,,,,Migrated (as-is),POST /ops/v3/bookings/:id/km-bills/create-pending,,Done,"Ported to endBooking.api.js::createPendingKmBill(), used by PendingKmBillsStep.vue (End Booking Step 1)."
A-086,KM Billing,GET,/operations/km-logs/bills/:id/pending-summary,v2 · glacier.on-track.in/api,Bearer agentToken,Fetches pending-summary — called from loadPending(),(none detected),data.pending,1,components/PendingKmBills.vue,,,,Migrated (as-is),GET /ops/v3/bookings/:id/km-bills/pending-summary,,Done,"Ported to endBooking.api.js::fetchPendingKmBills(), response { pending: [...] } confirmed live 2026-09-07 against an active EV booking (L26I0141411) — ""No pending KM Bill."" rendered correctly."
A-087,Lessors,GET,/lessor,v2 · glacier.on-track.in/api,Bearer agentToken,Fetches lessor — called from fetchLessors(),(none detected),data (raw),1,pages/Vehicle/AddVehicle.vue,,,raw response.data consumed (no envelope),,,,Not started,
A-088,Lessors,POST,/operations/create/lessor,v2 · glacier.on-track.in/api,Bearer agentToken,Submits lessor — called from createLessor(),body: <payload> (variable — inspect at runtime),"data (raw), data.message",2,components/LessorForm.vue | pages/createLessor.vue,,,,,,,Not started,
A-089,Lessors,GET,/rentals/operations/lessors,v2 · glacier.on-track.in/api,Bearer agentToken,"Fetches lessors — called from fetchLessors(), loadLessor()",(none detected),"(not read, or read indirectly)",6,components/LessorList.vue | components/bookings.vue | components/stockCount.vue | views/DownloadCenter.vue | views/vehicles/stats.vue | views/vehicles/vehiclesList.vue,,,called from 6 files,Migrated (as-is),GET /ops/v3/lessors,,Done (Phase 2 — Vehicles list filters),"Ported to vehicles.api.js::fetchLessorOptions(), used by VehiclesPage.vue's Lessor filter. Response is a bare array, confirmed live 2026-09-07."
A-090,Loyalty,GET,/operations/points-ledger,v2 · glacier.on-track.in/api,Bearer agentToken,Fetches points-ledger — called from loadData(),"query: customerId, limit, offset","(not read, or read indirectly)",1,components/customers/pointsHistory.vue,,,,,,,Not started,
A-091,Master data,GET,/locations,v2 · glacier.on-track.in/api,Bearer agentToken,"Fetches locations — called from getBookingData(), nextBillingDate()",(none detected),"(not read, or read indirectly)",2,components/UpdateDeliveryTypeModal.vue | components/bookingForm.vue,POST /operations/getBookings,,no pagination params,,,,Not started,
A-092,Master data,GET,/operations/:id/locations/list,v2 · glacier.on-track.in/api,Bearer agentToken,Fetches list — called from getModelLocations(),(none detected),"(not read, or read indirectly)",1,components/UpdateDeliveryTypeModal.vue,,,no pagination params,,,,Not started,
A-093,Master data,GET,/operations/locations/list,v2 · glacier.on-track.in/api,Bearer agentToken,Fetches list — called from openUpdateLocationModal(),(none detected),"(not read, or read indirectly)",1,views/vehicles/vehicleDetails.vue,,,no pagination params,Migrated (as-is),GET /ops/v3/locations,,Done (Phase 2 — Vehicle detail),"Ported to vehicleDetail.api.js::fetchVehicleLocations(), used by SpecsTab.vue's ""Update Location"" picker."
A-094,Master data,GET,getDeliveryCharge,v2 · glacier.on-track.in/api,Bearer agentToken,Fetches Delivery Charge — called from getDeliveryCharges(),(none detected),data (raw),1,store.js,,"commits: GET_DELIVERY_CHARGES, LOADING_API",raw response.data consumed (no envelope),Migrated,GET getDeliveryCharge (unchanged),,"Done (Phase 1 — Create booking, Manual)","Ported to createBooking.api.js::fetchDeliveryCharges(), used by the Manual flow's delivery-charge line item. Not exercised live this session (only reachable when Doorstep Delivery is toggled on)."
A-095,Master data,GET,getDeliveyCharge,LEGACY · api.on-track.in/api,Static Basic (hardcoded),Fetches Delivey Charge — called from getDeliveryCharges(),(none detected),data (raw),1,store/modules/booking.js,,"commits: GET_DELIVERY_CHARGES, LOADING_API",LEGACY backend; raw response.data consumed (no envelope),,,,Not started,
A-096,Master data,GET,getLocations,v2 · glacier.on-track.in/api,Bearer agentToken,Fetches Locations — called from getLocations(),(none detected),data (raw),1,store.js,,"commits: BG_COLOR, GET_LOCATIONS, LOADING_API, SET_THEME, SET_USER",no pagination params; raw response.data consumed (no envelope),,,,Not started,
A-097,Master data,GET,getLocations,LEGACY · api.on-track.in/api,Static Basic (hardcoded),Fetches Locations — called from getLocations(),(none detected),data (raw),1,store/modules/booking.js,,"commits: BG_COLOR, GET_LOCATIONS, LOADING_API, SET_THEME, SET_USER",LEGACY backend; no pagination params; raw response.data consumed (no envelope),,,,Not started,
A-098,Master data,POST,getTimeSlotByDate,LEGACY · api.on-track.in/api,Static Basic (hardcoded),Submits Time Slot By Date — called from get_timeSlot(),body: date,data (raw),2,store.js | store/modules/booking.js,,"commits: GET_TIME_SLOT, LOADING_API",LEGACY backend; POST used for a read; raw response.data consumed (no envelope),,,,Not started,
A-099,Master data,GET,getVendor,LEGACY · api.on-track.in/api,Static Basic (hardcoded),Fetches Vendor — called from get_customers(),(none detected),"(not read, or read indirectly)",2,store.js | store/modules/booking.js,,"commits: GET_CX, LOADING_API",LEGACY backend,,,,Not started,
A-100,Master data,GET,locations,v2 · glacier.on-track.in/api,Bearer agentToken,Fetches locations — called from getLocations(),(none detected),"bare array of location records: id, name, address, latitude/langitude, state, city, pinCode, status, mapUrl, isDeliveryAvailableFromThisLocation — CONFIRMED live 2026-09-07",4,components/ModelsList.vue | components/bookings.vue | components/newBookings.vue | views/vehicles/vehiclesList.vue,,,called from 4 files; no pagination params,Migrated,GET locations (unchanged),,Done (Phase 2 — Home location filter),"Ported to ontrack-ops-v3 src/services/home/home.api.js::fetchLocations(), used to populate the Home page's location filter dropdown."
A-101,Master data,GET,merchandise/get,v2 · glacier.on-track.in/api,Bearer agentToken,"Fetches get — called from fetchAddons(), prepareCreateBooking()",(none detected),"(not read, or read indirectly)",2,components/bookingForm.vue | components/createBooking.vue,,,,Migrated,GET merchandise/get (unchanged),,"Done (Phase 1 — Create booking, Dynamic)","Ported to createBooking.api.js::fetchAddons(), used by CreateBookingDynamicPage.vue's addon picker (the Manual flow's equivalent fetch is dead code in the old app — deliberately not ported there, see A-124 notes). Not exercised live this session."
A-102,Models & Inventory,POST,/api/models,bare axios · absolute URL,None,Submits models — called from onSubmit(),body: <this.model> (variable — inspect at runtime),"(not read, or read indirectly)",1,pages/createModel.vue,,,"bypasses shared client (absolute URL, no interceptor, no 401 handling)",,,,Not started,
A-103,Models & Inventory,GET,/model/:id/locations/list,v2 · glacier.on-track.in/api,Bearer agentToken,Fetches list — called from fetchModelLocations(),(none detected),"(not read, or read indirectly)",1,components/bookingForm.vue,,,no pagination params,Migrated,GET /operations/:id/locations/list (unchanged),,Done (Phase 1 — Booking detail),"Ported to bookingDetail.api.js::fetchModelLocations(), used by UpdateDeliveryTypeDialog.vue. Not exercised live this session."
A-104,Models & Inventory,GET,/models/stock,v2 · glacier.on-track.in/api,Bearer agentToken,"Per-model stock counts + embedded modelData, optionally filtered by location — called from loadModels()",query: location (optional),"bare array; entry: total, available, booked, underService, not_working, ongoingUnderService, underWaterWash, returned, model + embedded modelData (id, name, image300, price, old_price, show) — CONFIRMED live 2026-09-23 (?location=1)",1,components/ModelsList.vue,,,no pagination params; raw response.data consumed (no envelope),Migrated,GET /models/stock (unchanged),,Done (Phase 1 — Assign vehicle; Model List page),"Ported to assignVehicle.api.js::fetchModelsStock(), used for the model picker. CONFIRMED live 2026-09-07 — real model name (""Honda Shine 2026"") rendered correctly. Also ported to models/models.api.js::fetchModelsStock({ location }) for the /models page (ModelsPage.vue)."
A-105,Models & Inventory,POST,/operations/create/model,v2 · glacier.on-track.in/api,Bearer agentToken,Submits model — called from createModel(),body: <payload> (variable — inspect at runtime),"data (raw), data.message",1,pages/createModel.vue,,,,,,,Not started,
A-106,Models & Inventory,GET,/operations/getModelList,v2 · glacier.on-track.in/api,Bearer agentToken,Fetches Model List — called from fetchModels(),(none detected),data (raw),1,pages/Vehicle/AddVehicle.vue,,,raw response.data consumed (no envelope),,,,Not started,
A-107,Models & Inventory,GET,/operations/models,v2 · glacier.on-track.in/api,Bearer agentToken,Fetches models — called from fetchModels(),(none detected),"(not read, or read indirectly)",3,components/bookings.vue | pages/createVehicle.vue | views/vehicles/vehiclesList.vue,,,called from 3 files,Migrated (as-is),GET /ops/v3/models,,Done (Phase 2 — Vehicles list filters),"Ported to vehicles.api.js::fetchModelOptions(), used by VehiclesPage.vue's Model filter. Response `{ rows, count }` confirmed live 2026-09-07."
A-108,Models & Inventory,GET,/operations/models/inventory,v2 · glacier.on-track.in/api,Bearer agentToken,Fetches inventory — called from saveToLocalStorage(),"query: lessor, searchQuery",data (raw),1,components/stockCount.vue,,,raw response.data consumed (no envelope),,,,Not started,
A-109,Models & Inventory,GET,/operations/models/inventory/stats,v2 · glacier.on-track.in/api,Bearer agentToken,Fetches stats — called from getVehicleCount(),(none detected),"{ data: [...], count }; each entry { count, filter_tag, label, abbr_label, status, percentage } — CONFIRMED live 2026-09-07",1,components/homepage-content.vue,,"  dispatches: authLogout, bg_color",,Migrated,GET /operations/models/inventory/stats (unchanged),,Done (Phase 2 — Home stat strip),Ported to ontrack-ops-v3 src/services/home/home.api.js::fetchInventoryStats() + src/pages/dashboard/HomePage.vue. Renders every data[] entry as-is (no filtering/slicing) in a horizontally-scrollable strip.
A-110,Models & Inventory,PUT,/operations/models/update/:id,v2 · glacier.on-track.in/api,Bearer agentToken,"Updates a model's show flag, rental price and extension (old) price — called from onSubmit()","body: old_price, price, show","data (raw), data.error, data.message",1,components/ModelsList.vue,,,,Migrated,PUT /operations/models/update/:id (unchanged),,Done (Model List page),"Ported to models/models.api.js::updateModel(), used by the edit dialog on /models (ModelsPage.vue). error: 1 in the response is thrown as an Error. Not yet exercised live."
A-111,Models & Inventory,GET,/operations/vehicle/report/vehicle-count-by-model,v2 · glacier.on-track.in/api,Bearer agentToken,"Per-model in-stock/booked/total vehicle counts, optionally per lessor — called from loadVehicleData()",query: lessor (optional),"object keyed by model name; each { inStock, booked, total } — CONFIRMED live 2026-09-23",1,views/reports/VehicleCountsByModel.vue,,,raw response.data consumed (no envelope),Migrated,GET /operations/vehicle/report/vehicle-count-by-model (unchanged),,Done (Inventory Utilisation Report),"Ported to reports/vehicleReport.api.js::fetchCountByModel(); rendered on /vehicleStats (VehicleStatsPage.vue) as a stacked booked/in-stock bar per model with utilisation, replacing the old grouped In Stock/Rented/Total chart."
A-112,Models & Inventory,GET,getModels,LEGACY · api.on-track.in/api,Static Basic (hardcoded),"Fetches Models — called from get_models(), get_vehicle_count()",(none detected),data (raw),3,store.js | store/modules/booking.js,GET models/stock,"commits: GET_MODELS, GET_REMINDER, GET_REMINDER_COUNT, LOADING_API, VEHICLE_COUNT",LEGACY backend; no pagination params; raw response.data consumed (no envelope),,,,Not started,
A-113,Models & Inventory,GET,https://glacier.on-track.in/api/otr_models,LEGACY · api.on-track.in/api,Static Basic (hardcoded),Fetches otr models — called from get_otr_model(),(none detected),data (raw),2,store.js | store/modules/booking.js,,"commits: GET_OTR_MODELS, LOADING_API",LEGACY backend; raw response.data consumed (no envelope),,,,Not started,
A-114,Models & Inventory,GET,https://glacier.on-track.in/api/otr_models/:id,LEGACY · api.on-track.in/api,Static Basic (hardcoded),Fetches otr models — called from get_otr_model_by_id(),(none detected),data (raw),2,store.js | store/modules/booking.js,,"commits: GET_OTR_MODELS_BY_ID, LOADING_API",LEGACY backend; raw response.data consumed (no envelope),,,,Not started,
A-115,Models & Inventory,GET,models/stock,v2 · glacier.on-track.in/api,Bearer agentToken,"Fetches stock — called from fetchModels(), getModels(), get_models()",(none detected),"data (raw), data.message",3,components/assignVehicle2.vue | components/bookingForm.vue | store.js,GET getModels,"commits: GET_MODELS, GET_REMINDER, GET_REMINDER_COUNT, LOADING_API",called from 3 files; no pagination params; raw response.data consumed (no envelope),,,,Not started,
A-116,Models & Inventory,GET,operations/getModels,v2 · glacier.on-track.in/api,Bearer agentToken,Fetches Models — called from getModelById(),query: model_id,data (raw),1,store.js,,"commits: GET_OTR_MODELS, LOADING_API",no pagination params; raw response.data consumed (no envelope),,,,Not started,
A-117,Notifications,POST,readNotes,LEGACY · api.on-track.in/api,Static Basic (hardcoded),Submits read Notes — called from notes(),(none detected),data (raw),2,store.js | store/modules/booking.js,,"commits: GET_NOTES, LOADING_API",LEGACY backend; raw response.data consumed (no envelope),,,,Not started,
A-118,Payments,POST,/create-order-payment-link-cf,v2 · glacier.on-track.in/api,Bearer agentToken,Submits -order-payment-link-cf — called from sendPaymentLinkCashfree(),body: bookingId,"data (raw), data.message",1,pages/paymentMethods.vue,,,,Migrated (as-is),POST /ops/v3/bookings/:id/payment-link/cashfree,,Done (Phase 1 — Booking payment methods),"Ported to bookingPayment.api.js::sendBookingPaymentLinkCashfree(), used by BookingPaymentPage.vue. Not exercised live this session (mutating)."
A-119,Payments,GET,/operations/collectionPayments,v2 · glacier.on-track.in/api,Bearer agentToken,Fetches collection Payments — called from loadData(),"query: customerId, limit, offset","(not read, or read indirectly)",2,components/customers/collectionHistory.vue | components/v2/collectionList.vue,,,,Migrated,GET /operations/collectionPayments (unchanged),,Done (Phase 1 — Booking detail),"Ported to collections.api.js::fetchCollections(), used by PaymentsTab.vue. CONFIRMED live 2026-09-07 — envelope matches, empty result set for the tested booking. Extended for Phase 2 (Vehicle detail): fetchCollections() now also accepts a `vehicleId` scope (sends `vehicle` param instead of `bookingId`, matching the old app's collectionList.vue prop pair) — used read-only by VehicleCollectionTab.vue. The old app's ""Add Collection"" action on that same shared component always posts against `bookingId` even in vehicle-only scope (would send an undefined booking id) — not replicated; the vehicle-scoped tab is list-only."
A-120,Payments,GET,/operations/collections/export-reports,v2 · glacier.on-track.in/api,Bearer agentToken,Fetches export-reports — called from exportCollectionsCSV(),"query: endDate, startDate",data (raw),1,views/reports/ReportsV2.vue,,,raw response.data consumed (no envelope),,,,Not started,
A-121,Payments,GET,/operations/collections/report,v2 · glacier.on-track.in/api,Bearer agentToken,Fetches report — called from fetchTableData(),"query: fromDate, limit, onlyVerified, toDate","(not read, or read indirectly)",1,views/reports/ReportsV2.vue,,,,,,,Not started,
A-122,Payments,GET,/operations/collections/report-meta,v2 · glacier.on-track.in/api,Bearer agentToken,Fetches report-meta — called from fetchMeta(),"query: fromDate, onlyVerified, toDate","(not read, or read indirectly)",1,views/reports/ReportsV2.vue,,,,,,,Not started,
A-123,Payments,POST,/operations/misc/payment/:id,v2 · glacier.on-track.in/api,Bearer agentToken,Submits payment — called from addCollection(),"body: HH, amount, comment, paymentId, paymentReceivedOn, paymentStatus, refundId, refundedAmount, service, source, transactionType","(not read, or read indirectly)",1,components/v2/collectionList.vue,,,,Migrated,POST /operations/misc/payment/:id (unchanged),,Done (Phase 1 — Booking detail),"Ported to collections.api.js::addCollection(), used by PaymentsTab.vue ""Add Collection"" dialog. Not exercised live this session (mutating)."
A-124,Payments,POST,/ops/booking/order,v2 · glacier.on-track.in/api,Bearer agentToken,Submits order — called from createBookingApi(),body: <payload> (variable — inspect at runtime),"(not read, or read indirectly)",1,components/createBooking.vue,,  dispatches: get_models,,Migrated,/ops/booking/order (unchanged),,"Done (Phase 1 — Create booking, Manual)","Ported to createBooking.api.js::submitManualBooking() + CreateBookingManualPage.vue. Also fixed a real bug while porting: the old app's payment-gateway dropdown offers 8 string values (razorpay/cashfree/...) but its field-visibility and `valid` logic compare against numeric 0-4, so selecting any dropdown option leaves the form permanently invalid in the old app. Fixed to branch on the actual string values (razorpay gets Payment+Order ID fields, everything else gets one generic Payment ID field) rather than faithfully reproducing the broken comparison. Not exercised live this session (mutating)."
A-125,Payments,GET,operations/analytics/booking/payment-status,v2 · glacier.on-track.in/api,Bearer agentToken,Fetches payment-status — called from loadPaymentStatus(),(none detected),"(not read, or read indirectly)",1,views/bookings/analytics/home.vue,,,,,,,Not started,
A-126,Payments,POST,operations/booking/cash/verify-payment,v2 · glacier.on-track.in/api,Bearer agentToken,Submits verify-payment — called from submitAndConfirmPaid(),"body: bookingId, comment, paymentId, paymentMethod","data (raw), data.message",2,components/ExtendBookingPaymentMethods.vue | pages/paymentMethods.vue,,,,Migrated,POST operations/booking/cash/verify-payment (unchanged),,Done (Phase 1 — Extend booking),"Ported to extendBooking.api.js::verifyCashPayment(), used by ExtendBookingPaymentPage.vue ""Update as Cash"" dialog. Not exercised live this session (mutating). Reused (as-is, same generic shape) by BookingPaymentPage.vue's ""Collect at Location/Store"" dialog too — third real call site now covered."
A-127,Payments,POST,operations/booking/create-order,v2 · glacier.on-track.in/api,Bearer agentToken,Submits -order — called from createBooking(),body: <payload> (variable — inspect at runtime),"data (raw), data.data, data.message",1,components/bookingForm.vue,,,,Migrated,operations/booking/create-order (unchanged),,"Done (Phase 1 — Create booking, Dynamic)","Ported to createBooking.api.js::submitDynamicBooking() + CreateBookingDynamicPage.vue. Deliberately does NOT send the old app's hardcoded `test: true` (a leftover debug flag sent on every real submission in bookingForm.vue — almost certainly why so many real bookings in this backend have ""TEST-""-prefixed ids). Not exercised live this session (mutating)."
A-128,Payments,POST,operations/booking/razorpay/send-payment-link,v2 · glacier.on-track.in/api,Bearer agentToken,Submits send-payment-link — called from sendPaymentLink(),body: bookingId,"data (raw), data.data.paymentLink, data.message",1,pages/paymentMethods.vue,,,,Migrated (as-is),POST /ops/v3/bookings/:id/payment-link/razorpay,,Done (Phase 1 — Booking payment methods),"Ported to bookingPayment.api.js::sendBookingPaymentLinkRazorpay(), used by BookingPaymentPage.vue for both ""Send Payment Link"" and ""Pay through Razorpay"" (old app fully redirected the browser via window.location.href for the latter — changed to window.open in a new tab so the agent keeps their place in the ops app; a deliberate improvement, not a bug fix). Not exercised live this session (mutating)."
A-129,Payments,POST,operations/booking/send-payment-link,v2 · glacier.on-track.in/api,Bearer agentToken,"Submits send-payment-link — called from sendPaymentLink(), sendPaymentLinkAlternate()","body: bookingId, contact, email","data (raw), data.message",2,components/ExtendBookingPaymentMethods.vue | pages/paymentLink.vue,,,,Migrated,POST operations/booking/send-payment-link (unchanged),,Done (Phase 1 — Extend booking),"Ported to extendBooking.api.js::sendPaymentLinkAlternate(), used by ExtendBookingPaymentPage.vue ""Resend via another channel"" section. Not exercised live this session (mutating). Reused (as-is, same generic shape) by BookingPaymentPage.vue's ""Resend via another channel"" section too — third real call site now covered."
A-130,Payments,POST,operations/razorpay/payment/update,v2 · glacier.on-track.in/api,Bearer agentToken,Submits update — called from updatePayment(),"body: bookingId, order_id",data.message,2,components/AllBookingDetailsV2.vue | components/allbookingdetails.vue,,,,Migrated,POST operations/razorpay/payment/update (unchanged),,Done (Phase 1 — Booking detail),Ported to bookingDetail.api.js::updatePayment() + BookingDetailPage.vue update-payment dialog. Not exercised live this session (mutating).
A-131,Payments,GET,tickets,v2 · glacier.on-track.in/api,Bearer agentToken,Fetches tickets — called from getPaymentTickets(),query: booking,"(not read, or read indirectly)",1,store.js,GET tickets/:id,,,Migrated,GET tickets (unchanged),,Done (Phase 1 — Booking detail),"Ported to paymentTickets.api.js::fetchPaymentTickets(), used by PaymentTicketsTab.vue. Not exercised live this session."
A-132,Payments,POST,tickets,v2 · glacier.on-track.in/api,Bearer agentToken,Submits tickets — called from createPaymentTickets(),body: <payload> (variable — inspect at runtime),data (raw),1,store.js,,commits: LOADING_API,raw response.data consumed (no envelope),Migrated,POST tickets (unchanged),,Done (Phase 1 — Booking detail),"Ported to paymentTickets.api.js::createPaymentTicket(), used by PaymentTicketsTab.vue ""Create Ticket"" dialog. Not exercised live this session (mutating)."
A-133,Payments,GET,tickets/:id,v2 · glacier.on-track.in/api,Bearer agentToken,"Fetches tickets — called from changeSubStatus(), getExtendHistory(), getGpsVendors()",(none detected),data (raw),4,store.js,GET  | GET gps/vendor | GET tickets | POST /vehicles/:id | POST getAgentsActivity,"commits: GET_EXTEND_HISTORY, GET_GPS_VENDORS, GET_PAYMENT_TICKET, LOADING_API",raw response.data consumed (no envelope),,,,Not started,
A-134,Purchases,GET,/outreach/fleet-purchase/status,v2 · glacier.on-track.in/api,Bearer agentToken,Fetches status — called from mounted(),"query: limit, paymentStatus, searchQuery, sortOrder","(not read, or read indirectly)",1,views/vehicles/purchaseOrders.vue,,,,,,,Not started,
A-135,Recovery,POST,/operations/bookings/:id/close-from-recovery,v2 · glacier.on-track.in/api,Bearer agentToken,Submits close-from-recovery — called from executeCloseRecovery(),body: closingComment,"(not read, or read indirectly)",1,components/Recovery/HomeVue.vue,,,,Migrated,POST /operations/bookings/:id/close-from-recovery (unchanged),,Done (Recovery list),Ported (RecoveryPage.vue Mark as Recovered). Old app passes the recovery record id (not booking id) as :id — ported as-is. Mutating — not exercised live.
A-136,Recovery,GET,/operations/recovery-list,v2 · glacier.on-track.in/api,Bearer agentToken,Fetches recovery-list — called from getRecoveryVehicles(),(none detected),"(not read, or read indirectly)",1,components/Recovery/HomeVue.vue,,,,Migrated,GET /operations/recovery-list (unchanged),,Done (Recovery list),"Ported to src/services/recovery/recovery.api.js + src/pages/recovery/RecoveryPage.vue (/recovery). Query: limit, offset, status (0/1, omitted for all), search, expiredDays. Response CONFIRMED live 2026-09-23: bare array (no count) of recovery records embedding bookingData(+customerData) and vehicleData(+modelData)."
A-137,Recovery,GET,/operations/recovery-list/:id/comments,v2 · glacier.on-track.in/api,Bearer agentToken,Fetches comments — called from fetchComments(),(none detected),"(not read, or read indirectly)",1,components/Recovery/RecoveryComments.vue,,,,Migrated,GET /operations/recovery-list/:id/comments (unchanged),,Done (Recovery list),"Ported to src/services/recovery/recovery.api.js + src/components/recovery/RecoveryCommentsDialog.vue. Response { data: [{ id, comment, createdAt, agentData.name }] } per old app reads — not yet confirmed live."
A-138,Recovery,POST,/operations/recovery-list/comment,v2 · glacier.on-track.in/api,Bearer agentToken,Submits comment — called from addComment(),"body: comment, recoveryId","(not read, or read indirectly)",1,components/Recovery/RecoveryComments.vue,,,,Migrated,POST /operations/recovery-list/comment (unchanged),,Done (Recovery list),"Ported (RecoveryCommentsDialog.vue). Body { recoveryId, comment: ""Recovery - "" + text } as in the old app. Mutating — not exercised live."
A-139,Recovery,POST,operations/bookings/:id/add-to-recovery,v2 · glacier.on-track.in/api,Bearer agentToken,Submits add-to-recovery — called from addToRecovery(),"body: address, comment",data.message,2,components/AllBookingDetailsV2.vue | components/allbookingdetails.vue,,,,Migrated,POST operations/bookings/:id/add-to-recovery (unchanged),,Done (Phase 1 — Booking detail),Ported to bookingDetail.api.js::addToRecovery() + BookingDetailPage.vue add-to-recovery dialog. Not exercised live this session (mutating).
A-140,Recovery,POST,operations/bookings/:id/remove-from-recovery,v2 · glacier.on-track.in/api,Bearer agentToken,Submits remove-from-recovery — called from removeFromRecovery(),(none detected),data.message,2,components/AllBookingDetailsV2.vue | components/allbookingdetails.vue,,,,Migrated,POST operations/bookings/:id/remove-from-recovery (unchanged),,Done (Phase 1 — Booking detail),Ported to bookingDetail.api.js::removeFromRecovery() + BookingDetailPage.vue remove-from-recovery confirm. Not exercised live this session (mutating).
A-141,Reports,POST,newUsersByDay,LEGACY · api.on-track.in/api,Static Basic (hardcoded),Submits new Users By Day — called from get_new_customers(),query: createdAt,data (raw),2,store.js | store/modules/booking.js,,"commits: GET_NEW_CUSTOMERS, LOADING_API",LEGACY backend; raw response.data consumed (no envelope),,,,Not started,
A-142,Roadside Assistance,GET,/outreach/assistance/rsa-leads,v2 · glacier.on-track.in/api,Bearer agentToken,Fetches rsa-leads — called from fetchRsaData(),"query: limit, offset, status","(not read, or read indirectly)",1,views/roadSideAssistance.vue,,,,,,,Not started,
A-143,Roadside Assistance,PUT,/outreach/funnel/assistance/rsa-leads/:id/update/status,v2 · glacier.on-track.in/api,Bearer agentToken,Updates status — called from updateStatus(),"body: comment, status","(not read, or read indirectly)",1,views/roadSideAssistance.vue,,,,,,,Not started,
A-144,Service,POST,getServiceHistoryById,LEGACY · api.on-track.in/api,Static Basic (hardcoded),Submits Service History By Id — called from get_serviceHistory_by_id(),body: vehicleId,data (raw),1,store/modules/booking.js,,"commits: GET_SERVICE_HISTORY_BY_ID, LOADING_API, LOADING_VEHICLE_API",LEGACY backend; POST used for a read; raw response.data consumed (no envelope),,,,Not started,
A-145,Service,GET,getServiceListById,LEGACY · api.on-track.in/api,Static Basic (hardcoded),Fetches Service List By Id — called from get_services_by_id(),query: id,data (raw),2,store.js | store/modules/booking.js,,"commits: GET_SERVICES_BY_ID, LOADING_API",LEGACY backend; raw response.data consumed (no envelope),,,,Not started,
A-146,Service,POST,getServiceListByQuery,LEGACY · api.on-track.in/api,Static Basic (hardcoded),Submits Service List By Query — called from get_services(),body: status,data (raw),2,store.js | store/modules/booking.js,,"commits: GET_SERVICES, LOADING_API",LEGACY backend; POST used for a read; raw response.data consumed (no envelope),,,,Not started,
A-147,Uncategorised,GET,,v2 · glacier.on-track.in/api,Bearer agentToken,Fetches — called from getGpsVendors(),(none detected),"(not read, or read indirectly)",1,store.js,GET gps/vendor | GET tickets/:id,,,,,,Not started,
A-148,Uncategorised,PUT,/operations/:id/penalty/update/,v2 · glacier.on-track.in/api,Bearer agentToken,Updates update — called from savePenalty(),"body: bookingId, customerId, penaltyCharge",data.message,1,components/AllBookingDetailsV2.vue,,,,Migrated,PUT /operations/:id/penalty/update/ (unchanged),,Done (Phase 1 — Booking detail),Ported to bookingDetail.api.js::updatePenalty() + BookingDetailPage.vue adjust-penalty dialog. Not exercised live this session (mutating).
A-149,Uncategorised,GET,url,v2 · glacier.on-track.in/api,Bearer agentToken,Fetches url,(none detected),data (raw),1,store.js,,"commits: GET_VCR, LOADING_API",raw response.data consumed (no envelope),,,,Not started,
A-150,Vehicles,POST,/api/vehicles,v2 · glacier.on-track.in/api,Bearer agentToken,Submits vehicles — called from submitForm(),body: <this.vehicle> (variable — inspect at runtime),"(not read, or read indirectly)",1,pages/Vehicle/AddVehicle.vue,,,,,,,Not started,
A-151,Vehicles,POST,/operations/create/vehicle,v2 · glacier.on-track.in/api,Bearer agentToken,Submits vehicle — called from createVehicle(),body: <payload> (variable — inspect at runtime),"data (raw), data.message",1,pages/createVehicle.vue,,,,,,,Not started,
A-152,Vehicles,POST,/operations/getVehicles,v2 · glacier.on-track.in/api,Bearer agentToken,Submits Vehicles — called from modelchange(),"query: limit, model_id, status",data.rows,1,components/modifyBooking.vue,,,POST used for a read,Migrated,POST /operations/getVehicles (unchanged),,Done (Phase 1 — Assign vehicle + Modify booking),"Same physical endpoint, TWO different real call shapes ported as-is: assignVehicle.api.js::fetchAvailableVehicles() sends model_id/type=all (CONFIRMED live 2026-09-07 — real registration ""KA53AC4574"" preselected correctly); modifyBooking.api.js::fetchExchangeableVehicles() sends model_id/status=[0,2,5,4] (Available/Under Service/Water Wash/Ongoing Under Service only) — CONFIRMED live 2026-09-07, real ""KA01AU1807""/Available shown in the exchange vehicle picker."
A-153,Vehicles,POST,/operations/report/download/vehicle,v2 · glacier.on-track.in/api,Bearer agentToken,Submits vehicle — called from downloadReport(),"body: bookingStatus, endDate, format, includeOptions, insuranceExpired, lessor, permitExpired, rcExpired, registrationNumber, startDate, vehicleStatus",data.message,1,views/DownloadCenter.vue,,,,,,,Not started,
A-154,Vehicles,POST,/operations/vehicle/:id/update/location,v2 · glacier.on-track.in/api,Bearer agentToken,Submits location — called from updateVehicleLocation(),body: location,"(not read, or read indirectly)",1,views/vehicles/vehicleDetails.vue,,,,Migrated (as-is),POST /ops/v3/vehicles/:id/location,,Done (Phase 2 — Vehicle detail),Ported to vehicleDetail.api.js::updateVehicleLocation(). Not exercised live this session (mutating) — code-reviewed only.
A-155,Vehicles,POST,/operations/vehicle/:id/update/status,v2 · glacier.on-track.in/api,Bearer agentToken,Submits status — called from changeVehicleStatus(),body: status,"(not read, or read indirectly)",2,components/Recovery/VehicleView.vue | views/vehicles/vehicleDetails.vue,,,,Migrated (as-is),POST /ops/v3/vehicles/:id/status,,Done (Phase 2 — Vehicle detail),"Ported to vehicleDetail.api.js::updateVehicleStatus(), used by SettingsTab.vue's Change Status dialog (0-8, matching vehicleDetails.vue's own fuller status set — see also VehicleStatusBadge.vue). Not exercised live this session (mutating)."
A-156,Vehicles,GET,/operations/vehicle/report/chart-data,v2 · glacier.on-track.in/api,Bearer agentToken,"Per-model available/booked counts split by vehicle age, optionally per lessor — called from loadVehicleChartData()",query: lessor (optional),"object keyed by model name; each { available: { total, byAge }, booked: { total, byAge } }, byAge maps age in years to a count — CONFIRMED live 2026-09-23",1,views/reports/VehicleStatsChart.vue,,,raw response.data consumed (no envelope),Migrated,GET /operations/vehicle/report/chart-data (unchanged),,Done (Inventory Utilisation Report),Ported to reports/vehicleReport.api.js::fetchAvailabilityByAge(); aggregated across models into one booked/in-stock bar per vehicle age on /vehicleStats (replaces the old 16-series stacked chart).
A-157,Vehicles,GET,/operations/vehicle/report/vehicle-count-by-age,v2 · glacier.on-track.in/api,Bearer agentToken,"Per-model vehicle counts by age in years (all statuses), optionally per lessor — called from loadVehicleData()",query: lessor (optional),object keyed by model name; each maps age in years to a vehicle count — CONFIRMED live 2026-09-23,1,views/reports/VehicleCountsByAge.vue,,,raw response.data consumed (no envelope),Migrated,GET /operations/vehicle/report/vehicle-count-by-age (unchanged),,Done (Inventory Utilisation Report),Ported to reports/vehicleReport.api.js::fetchCountByAge(); rendered on /vehicleStats as a model × age heatmap table. Totals can exceed A-156 available+booked (counts every status).
A-158,Vehicles,GET,/operations/vehicles,v2 · glacier.on-track.in/api,Bearer agentToken,Fetches vehicles — called from updateQueryParamUrl(),"query: lessors, limit, locations, manufactureDate, models, offset, searchQuery, sortOrder, statuses","{ count, rows }; row: id, registrationNumber, color, status (numeric), subStatus (string) + embedded modelData/lessorData (no embedded location name) — CONFIRMED live 2026-09-07",1,views/vehicles/vehiclesList.vue,,,,Migrated,GET /operations/vehicles (unchanged),,Done (Phase 2 — Vehicles list),"Ported to ontrack-ops-v3 src/services/vehicles/vehicles.api.js + src/stores/vehicles.store.js + src/pages/vehicles/VehiclesPage.vue. Location column omitted — location is a bare id with no embedded name in this response; needs a separate locations lookup (A-091/A-093/A-096/A-097/A-100) to resolve, not wired up yet. Extended for Phase 2 (Vehicles list filters/sort/export): fetchVehicles() now also sends statuses/models/lessors/locations/manufactureDate/sortOrder — confirmed live 2026-09-07 (status filter correctly reduced 127 -> 27 rows; sort direction correctly reordered rows). VehiclesPage.vue also gained a Location column (resolved client-side via a separate A-100 lookup, since this endpoint doesn't embed one) and CSV/JSON export of the current page (no `xlsx` library — see utils/export.js for why)."
A-159,Vehicles,GET,/operations/vehicles/expired,v2 · glacier.on-track.in/api,Bearer agentToken,"Fetches expired — called from exportAllVehicles(), getVehicles()","query: insurance_expired, limit, offset, permit_expired, pucc_expired, rc_expired","(not read, or read indirectly)",2,components/vehicles/reminders.vue,,,,Migrated (fixed),GET /ops/v3/vehicles/expired,,Done (Phase 2 — Reminders),"Ported to vehicles.api.js::fetchExpiredVehicles(), used by RemindersPage.vue + reminders.store.js. Response envelope is { total, data } — different shape than every other list endpoint in this app ({ count, rows }), ported exactly as observed. TWO REAL BUGS FOUND & FIXED: (1) old app's 'Load More' replaced rows instead of appending and hardcoded offset=limit on every call instead of accumulating it, so clicking Load More re-fetched and re-displayed the exact same second page forever, discarding page 1 and never reaching page 3 — fixed to accumulate rows and advance the offset properly (regression-tested). (2) 'Export All' read 4 separate data properties that defaulted to false and were never updated by the UI, so every export requested all-zero expiry flags regardless of the selected filter — fixed to export using the currently-selected expiry type. Confirmed live 2026-09-07 (RC=0 results, Insurance=5 real results with correct badges, CSV export triggered a real download)."
A-160,Vehicles,GET,/stats/vehicles,v2 · glacier.on-track.in/api,Bearer agentToken,Fetches vehicles — called from get_vehicle_count(),(none detected),data (raw),1,store.js,,"commits: LOADING_API, VEHICLE_COUNT",raw response.data consumed (no envelope),,,,Not started,
A-161,Vehicles,POST,/vehicles/:id,v2 · glacier.on-track.in/api,Bearer agentToken,"Submits vehicles — called from changeSubStatus(), updateInsuranceEndDate(), updateInsuranceStartDate()","body: RCExpiry, insuranceDate, nextInsuranceDate, permitExpiry, swapKeyId","(not read, or read indirectly)",8,components/Recovery/VehicleView.vue | store.js | views/vehicles/vehicleDetails.vue,GET tickets/:id,,called from 3 files,Migrated (fixed),PATCH /ops/v3/vehicles/:id,,Done (Phase 2 — Vehicle detail),"Ported to vehicleDetail.api.js::updateVehicleField(), used by every single-field ""Update"" link in SpecsTab.vue (RC/insurance dates/permit/swap key id) plus SettingsTab.vue's sub-status flag. BUG FOUND & NOT REPLICATED: the old app's changingInsurance() (Settings > Update Insurance) sent InsurancePolicy/insuranceDate/nextInsuranceDate through a hardcoded https://api.on-track.in/api/vehicle/:id URL + hardcoded LEGACY Basic-auth header instead of this same v2 endpoint every sibling field-update handler on the same page correctly uses — treated as a bug (internally inconsistent with the page's own established pattern), not a real requirement; Update Insurance now goes through this endpoint like everything else."
A-162,Vehicles,POST,droppedVehicle,LEGACY · api.on-track.in/api,Static Basic (hardcoded),"Submits dropped Vehicle — called from get_drop_vehicle(), get_drop_vehicle_byDate()",query: endDate,data (raw),4,store.js | store/modules/booking.js,,"commits: GET_DROP_VEHICLE, GET_DROP_VEHICLE_BY_DATE, LOADING_API, LOAD_STATUS",LEGACY backend; raw response.data consumed (no envelope),,,,Not started,
A-163,Vehicles,GET,getVehicles,LEGACY · api.on-track.in/api,Static Basic (hardcoded),Fetches Vehicles — called from get_total_vehicles(),(none detected),data (raw),1,store/modules/booking.js,,"commits: GET_TOTAL_VEHICLES, LOADING_API",LEGACY backend; no pagination params; raw response.data consumed (no envelope),,,,Not started,
A-164,Vehicles,POST,operations/getVehicles,v2 · glacier.on-track.in/api,Bearer agentToken,"Submits Vehicles — called from getAvailableVehicles(), get_total_vehicles()","query: model_id, type · body: Authorization","data (raw), data.message",2,components/assignVehicle2.vue | store.js,,"commits: GET_TOTAL_VEHICLES, LOADING_API",POST used for a read; no pagination params; raw response.data consumed (no envelope),,,,Not started,
A-165,Vehicles,GET,operations/getVehicles/:id,v2 · glacier.on-track.in/api,Bearer agentToken,"Fetches Vehicles — called from getVehicleData(), get_vehicle_by_id()",(none detected),data (raw),3,components/Recovery/VehicleView.vue | store.js | views/vehicles/vehicleDetails.vue,,"commits: GET_VEHICLE_BY_ID, LOADING_API, LOADING_VEHICLE_API",called from 3 files; no pagination params; raw response.data consumed (no envelope),Migrated (as-is),GET /ops/v3/vehicles/:id,,Done (Phase 2 — Vehicle detail),Ported to vehicleDetail.api.js::fetchVehicleDetail(). Response shape confirmed live 2026-09-07 (id/registrationNumber/gps/gpsVendorId/modelData/lessorData/locationData/bookingData/swapKeyStatus/vehicleDetails all present).
A-166,Vehicles,GET,operations/vehicle/report,v2 · glacier.on-track.in/api,Bearer agentToken,Fetches report — called from fetchVehicles(),"query: lessor, limit, offset","(not read, or read indirectly)",1,views/vehicles/stats.vue,,,,Not ported (dead in old app),,,Not started,"The old stats.vue fetched this on every lessor change, but its only consumer (a vehicle report table + CSV export) is commented out — so the response was never shown. Deliberately not ported to /vehicleStats."
A-167,Vehicles,GET,operations/vehicle/report/v2,v2 · glacier.on-track.in/api,Bearer agentToken,"Six headline cards for the Inventory Utilisation Report (utilisation, highest in stock, best/worst utilised, most under service, most not working) — called from fetchVehiclesv2()","query: lessor (optional), limit, offset","bare array of { label, percentage?, modelName?, createdAt?, count? }; percentage is a preformatted string — CONFIRMED live 2026-09-23",1,views/vehicles/stats.vue,,,,Migrated,GET operations/vehicle/report/v2 (unchanged),,Done (Inventory Utilisation Report),Ported to reports/vehicleReport.api.js::fetchReportSummary() (limit=10/offset=0 sent as the old app did); rendered as the stat cards on /vehicleStats.
A-168,Vehicles,PUT,operations/vehicle/update/list-for-sale,v2 · glacier.on-track.in/api,Bearer agentToken,Updates list-for-sale — called from updateReSaleDetails(),"body: about, insuranceCost, isForSale, kmReading, miscCost, reSalePrice, registrationNumber, rsaCost, rtoCost, totalPrice, warrantyCost","(not read, or read indirectly)",2,components/Recovery/VehicleView.vue | views/vehicles/vehicleDetails.vue,,,,Migrated (as-is),PUT /ops/v3/vehicles/resale,,Done (Phase 2 — Vehicle detail),"Ported to vehicleDetail.api.js::updateResaleListing(), used by VehicleDetailPage.vue's resale card + modal. Old app identifies the vehicle by `registrationNumber` in the body rather than by id/URL param — ported exactly as observed, however odd. Not exercised live this session (mutating)."
A-169,Vehicles,GET,services/vehicle/:id,v2 · glacier.on-track.in/api,Bearer agentToken,"Fetches vehicle — called from getServiceHistory(), get_serviceHistory_by_id()",(none detected),data.rows,3,components/Recovery/VehicleView.vue | store.js | views/vehicles/vehicleDetails.vue,,"commits: GET_SERVICE_HISTORY_BY_ID, LOADING_API, LOADING_VEHICLE_API",called from 3 files,Migrated (fixed),GET /ops/v3/vehicles/:id/service-history,,Done (Phase 2 — Vehicle detail),"Ported to vehicleDetail.api.js::fetchServiceHistory(), used by ServiceHistoryTab.vue. BUG FOUND & FIXED (v3-only, introduced then caught same session): confirmed live that a vehicle with no service history 500s rather than returning an empty array — the first draft had no catch around this call, which would surface as an uncaught promise rejection; fixed to treat the failure as an empty list, same as the tab's own empty state already implied."
A-170,Vehicles,GET,vehicle/:id,LEGACY · api.on-track.in/api,Static Basic (hardcoded),Fetches vehicle — called from get_vehicle_by_id(),(none detected),data (raw),1,store/modules/booking.js,,"commits: GET_VEHICLE_BY_ID, LOADING_API, LOADING_VEHICLE_API",LEGACY backend; raw response.data consumed (no envelope),,,,Not started,
A-171,Vehicles,POST,vehicle/upload,v2 · glacier.on-track.in/api,Bearer agentToken,"Submits upload — called from updateInsuraceImage(), updatePUCCImage(), updatePermitImage()",body: <fd> (variable — inspect at runtime),"(not read, or read indirectly)",8,components/Recovery/VehicleView.vue | views/vehicles/vehicleDetails.vue,,"  dispatches: get_serviceHistory_by_id, get_vehicle_by_id",,Migrated (as-is),POST /ops/v3/vehicles/:id/documents,,Done (Phase 2 — Vehicle detail),"Ported to vehicleDetail.api.js::uploadVehicleImage(), used by SpecsTab.vue for the 4 document image types (insuranceImage/pucc/rcImage/vehiclePermit). Not exercised live this session (mutating)."
A-172,Waitlist,POST,waitlistQuery,LEGACY · api.on-track.in/api,Static Basic (hardcoded),Submits waitlist Query — called from get_waitlist(),(none detected),data (raw),2,store.js | store/modules/booking.js,,"commits: GET_WAITLIST, LOADING_API",LEGACY backend; raw response.data consumed (no envelope),,,,Not started,
A-173,Vehicles,POST,/admin/swap-key/:swapKeyId/block,v2 · glacier.on-track.in/api,Bearer agentToken,Suspends a vehicle's swap key — called from confirmBlockSwapKey(),(none — swapKeyId in URL),"(not read, or read indirectly)",1,views/vehicles/vehicleDetails.vue,,,not previously in this inventory — found while building Phase 2 Vehicle detail,Migrated (as-is),POST /ops/v3/vehicles/swap-key/:id/block,,Done (Phase 2 — Vehicle detail),"Ported to vehicleDetail.api.js::blockSwapKey(), used by SpecsTab.vue. Not exercised live this session (mutating, and hard to reverse for a real key)."
A-174,Vehicles,POST,/admin/swap-key/:swapKeyId/unblock,v2 · glacier.on-track.in/api,Bearer agentToken,Reinstates a vehicle's swap key — called from confirmUnblockSwapKey(),(none — swapKeyId in URL),"(not read, or read indirectly)",1,views/vehicles/vehicleDetails.vue,,,not previously in this inventory — found while building Phase 2 Vehicle detail,Migrated (as-is),POST /ops/v3/vehicles/swap-key/:id/unblock,,Done (Phase 2 — Vehicle detail),"Ported to vehicleDetail.api.js::unblockSwapKey(), used by SpecsTab.vue. Not exercised live this session (mutating)."
